entity_id,entity_type,source,source_id
P001,person,master,P001
P001,phone,cdr,+91-90000-10001
P001,vehicle,vehicle,DL11AB1001
P001,bank_account,finance,ACC100001
P001,social_account,social,user_001
P002,person,master,P002
P002,phone,cdr,+91-90000-10002
P002,vehicle,vehicle,KA12AB1002
P002,bank_account,finance,ACC100002
P002,social_account,social,user_002
P003,person,master,P003
P003,phone,cdr,+91-90000-10003
P003,vehicle,vehicle,GJ13AB1003
P003,bank_account,finance,ACC100003
P003,social_account,social,user_003
P004,person,master,P004
P004,phone,cdr,+91-90000-10004
P004,vehicle,vehicle,MH14AB1004
P004,bank_account,finance,ACC100004
P004,social_account,social,user_004
P005,person,master,P005
P005,phone,cdr,+91-90000-10005
P005,vehicle,vehicle,DL15AB1005
P005,bank_account,finance,ACC100005
P005,social_account,social,user_005
P006,person,master,P006
P006,phone,cdr,+91-90000-10006
P006,vehicle,vehicle,KA16AB1006
P006,bank_account,finance,ACC100006
P006,social_account,social,user_006
P007,person,master,P007
P007,phone,cdr,+91-90000-10007
P007,vehicle,vehicle,GJ17AB1007
P007,bank_account,finance,ACC100007
P007,social_account,social,user_007
P008,person,master,P008
P008,phone,cdr,+91-90000-10008
P008,vehicle,vehicle,MH18AB1008
P008,bank_account,finance,ACC100008
P008,social_account,social,user_008
P009,person,master,P009
P009,phone,cdr,+91-90000-10009
P009,vehicle,vehicle,DL19AB1009
P009,bank_account,finance,ACC100009
P009,social_account,social,user_009
P010,person,master,P010
P010,phone,cdr,+91-90000-10010
P010,vehicle,vehicle,KA20AB1010
P010,bank_account,finance,ACC100010
P010,social_account,social,user_010
P011,person,master,P011
P011,phone,cdr,+91-90000-10011
P011,vehicle,vehicle,GJ21AB1011
P011,bank_account,finance,ACC100011
P011,social_account,social,user_011
P012,person,master,P012
P012,phone,cdr,+91-90000-10012
P012,vehicle,vehicle,MH22AB1012
P012,bank_account,finance,ACC100012
P012,social_account,social,user_012
P013,person,master,P013
P013,phone,cdr,+91-90000-10013
P013,vehicle,vehicle,DL23AB1013
P013,bank_account,finance,ACC100013
P013,social_account,social,user_013
P014,person,master,P014
P014,phone,cdr,+91-90000-10014
P014,vehicle,vehicle,KA24AB1014
P014,bank_account,finance,ACC100014
P014,social_account,social,user_014
P015,person,master,P015
P015,phone,cdr,+91-90000-10015
P015,vehicle,vehicle,GJ25AB1015
P015,bank_account,finance,ACC100015
P015,social_account,social,user_015
P016,person,master,P016
P016,phone,cdr,+91-90000-10016
P016,vehicle,vehicle,MH26AB1016
P016,bank_account,finance,ACC100016
P016,social_account,social,user_016
P017,person,master,P017
P017,phone,cdr,+91-90000-10017
P017,vehicle,vehicle,DL27AB1017
P017,bank_account,finance,ACC100017
P017,social_account,social,user_017
P018,person,master,P018
P018,phone,cdr,+91-90000-10018
P018,vehicle,vehicle,KA28AB1018
P018,bank_account,finance,ACC100018
P018,social_account,social,user_018
P019,person,master,P019
P019,phone,cdr,+91-90000-10019
P019,vehicle,vehicle,GJ29AB1019
P019,bank_account,finance,ACC100019
P019,social_account,social,user_019
P020,person,master,P020
P020,phone,cdr,+91-90000-10020
P020,vehicle,vehicle,MH30AB1020
P020,bank_account,finance,ACC100020
P020,social_account,social,user_020
P021,person,master,P021
P021,phone,cdr,+91-90000-10021
P021,vehicle,vehicle,DL31AB1021
P021,bank_account,finance,ACC100021
P021,social_account,social,user_021
P022,person,master,P022
P022,phone,cdr,+91-90000-10022
P022,vehicle,vehicle,KA32AB1022
P022,bank_account,finance,ACC100022
P022,social_account,social,user_022
P023,person,master,P023
P023,phone,cdr,+91-90000-10023
P023,vehicle,vehicle,GJ33AB1023
P023,bank_account,finance,ACC100023
P023,social_account,social,user_023
P024,person,master,P024
P024,phone,cdr,+91-90000-10024
P024,vehicle,vehicle,MH34AB1024
P024,bank_account,finance,ACC100024
P024,social_account,social,user_024
P025,person,master,P025
P025,phone,cdr,+91-90000-10025
P025,vehicle,vehicle,DL35AB1025
P025,bank_account,finance,ACC100025
P025,social_account,social,user_025
P026,person,master,P026
P026,phone,cdr,+91-90000-10026
P026,vehicle,vehicle,KA36AB1026
P026,bank_account,finance,ACC100026
P026,social_account,social,user_026
P027,person,master,P027
P027,phone,cdr,+91-90000-10027
P027,vehicle,vehicle,GJ37AB1027
P027,bank_account,finance,ACC100027
P027,social_account,social,user_027
P028,person,master,P028
P028,phone,cdr,+91-90000-10028
P028,vehicle,vehicle,MH38AB1028
P028,bank_account,finance,ACC100028
P028,social_account,social,user_028
P029,person,master,P029
P029,phone,cdr,+91-90000-10029
P029,vehicle,vehicle,DL39AB1029
P029,bank_account,finance,ACC100029
P029,social_account,social,user_029
P030,person,master,P030
P030,phone,cdr,+91-90000-10030
P030,vehicle,vehicle,KA40AB1030
P030,bank_account,finance,ACC100030
P030,social_account,social,user_030
P031,person,master,P031
P031,phone,cdr,+91-90000-10031
P031,vehicle,vehicle,GJ41AB1031
P031,bank_account,finance,ACC100031
P031,social_account,social,user_031
P032,person,master,P032
P032,phone,cdr,+91-90000-10032
P032,vehicle,vehicle,MH42AB1032
P032,bank_account,finance,ACC100032
P032,social_account,social,user_032
P033,person,master,P033
P033,phone,cdr,+91-90000-10033
P033,vehicle,vehicle,DL43AB1033
P033,bank_account,finance,ACC100033
P033,social_account,social,user_033
P034,person,master,P034
P034,phone,cdr,+91-90000-10034
P034,vehicle,vehicle,KA44AB1034
P034,bank_account,finance,ACC100034
P034,social_account,social,user_034
P035,person,master,P035
P035,phone,cdr,+91-90000-10035
P035,vehicle,vehicle,GJ45AB1035
P035,bank_account,finance,ACC100035
P035,social_account,social,user_035
P036,person,master,P036
P036,phone,cdr,+91-90000-10036
P036,vehicle,vehicle,MH46AB1036
P036,bank_account,finance,ACC100036
P036,social_account,social,user_036
P037,person,master,P037
P037,phone,cdr,+91-90000-10037
P037,vehicle,vehicle,DL47AB1037
P037,bank_account,finance,ACC100037
P037,social_account,social,user_037
P038,person,master,P038
P038,phone,cdr,+91-90000-10038
P038,vehicle,vehicle,KA48AB1038
P038,bank_account,finance,ACC100038
P038,social_account,social,user_038
P039,person,master,P039
P039,phone,cdr,+91-90000-10039
P039,vehicle,vehicle,GJ49AB1039
P039,bank_account,finance,ACC100039
P039,social_account,social,user_039
P040,person,master,P040
P040,phone,cdr,+91-90000-10040
P040,vehicle,vehicle,MH50AB1040
P040,bank_account,finance,ACC100040
P040,social_account,social,user_040
P041,person,master,P041
P041,phone,cdr,+91-90000-10041
P041,vehicle,vehicle,DL51AB1041
P041,bank_account,finance,ACC100041
P041,social_account,social,user_041
P042,person,master,P042
P042,phone,cdr,+91-90000-10042
P042,vehicle,vehicle,KA52AB1042
P042,bank_account,finance,ACC100042
P042,social_account,social,user_042
P043,person,master,P043
P043,phone,cdr,+91-90000-10043
P043,vehicle,vehicle,GJ53AB1043
P043,bank_account,finance,ACC100043
P043,social_account,social,user_043
P044,person,master,P044
P044,phone,cdr,+91-90000-10044
P044,vehicle,vehicle,MH54AB1044
P044,bank_account,finance,ACC100044
P044,social_account,social,user_044
P045,person,master,P045
P045,phone,cdr,+91-90000-10045
P045,vehicle,vehicle,DL55AB1045
P045,bank_account,finance,ACC100045
P045,social_account,social,user_045
P046,person,master,P046
P046,phone,cdr,+91-90000-10046
P046,vehicle,vehicle,KA56AB1046
P046,bank_account,finance,ACC100046
P046,social_account,social,user_046
P047,person,master,P047
P047,phone,cdr,+91-90000-10047
P047,vehicle,vehicle,GJ57AB1047
P047,bank_account,finance,ACC100047
P047,social_account,social,user_047
P048,person,master,P048
P048,phone,cdr,+91-90000-10048
P048,vehicle,vehicle,MH58AB1048
P048,bank_account,finance,ACC100048
P048,social_account,social,user_048
P049,person,master,P049
P049,phone,cdr,+91-90000-10049
P049,vehicle,vehicle,DL59AB1049
P049,bank_account,finance,ACC100049
P049,social_account,social,user_049
P050,person,master,P050
P050,phone,cdr,+91-90000-10050
P050,vehicle,vehicle,KA60AB1050
P050,bank_account,finance,ACC100050
P050,social_account,social,user_050
