sender_id,receiver_id,sender_account,receiver_account,amount,date
P004,P006,ACC100004,ACC100006,82918,2026-08-24
P035,P014,ACC100035,ACC100014,29981,2026-06-26
P005,P001,ACC100005,ACC100001,101797,2026-08-04
P002,P004,ACC100002,ACC100004,64303,2026-07-07
P006,P010,ACC100006,ACC100010,9332,2026-08-13
P006,P009,ACC100006,ACC100009,57829,2026-07-04
P006,P008,ACC100006,ACC100008,149067,2026-08-12
P010,P007,ACC100010,ACC100007,138797,2026-08-10
P007,P008,ACC100007,ACC100008,126189,2026-06-27
P047,P043,ACC100047,ACC100043,117376,2026-08-05
P003,P002,ACC100003,ACC100002,88064,2026-08-04
P001,P004,ACC100001,ACC100004,17179,2026-07-26
P007,P008,ACC100007,ACC100008,96127,2026-06-24
P004,P002,ACC100004,ACC100002,16654,2026-07-26
P002,P003,ACC100002,ACC100003,65045,2026-06-04
P009,P007,ACC100009,ACC100007,15306,2026-08-24
P009,P006,ACC100009,ACC100006,142467,2026-07-13
P008,P007,ACC100008,ACC100007,54369,2026-06-04
P006,P003,ACC100006,ACC100003,148596,2026-08-10
P006,P009,ACC100006,ACC100009,60273,2026-08-22
P001,P002,ACC100001,ACC100002,61600,2026-08-12
P001,P006,ACC100001,ACC100006,98132,2026-07-15
P048,P019,ACC100048,ACC100019,118532,2026-07-26
P006,P007,ACC100006,ACC100007,18164,2026-06-25
P029,P002,ACC100029,ACC100002,29021,2026-08-06
P047,P050,ACC100047,ACC100050,94609,2026-06-01
P003,P006,ACC100003,ACC100006,106030,2026-06-03
P006,P009,ACC100006,ACC100009,137391,2026-07-07
P006,P005,ACC100006,ACC100005,18554,2026-06-02
P002,P005,ACC100002,ACC100005,80089,2026-08-04
P006,P012,ACC100006,ACC100012,100648,2026-07-06
P028,P042,ACC100028,ACC100042,110765,2026-07-03
P002,P001,ACC100002,ACC100001,46315,2026-06-18
P014,P022,ACC100014,ACC100022,86579,2026-07-02
P013,P035,ACC100013,ACC100035,21725,2026-07-10
P006,P004,ACC100006,ACC100004,81373,2026-08-05
P010,P023,ACC100010,ACC100023,116329,2026-08-02
P008,P009,ACC100008,ACC100009,91756,2026-07-01
P016,P037,ACC100016,ACC100037,107740,2026-06-18
P031,P008,ACC100031,ACC100008,117131,2026-06-24
P006,P003,ACC100006,ACC100003,1365,2026-08-01
P003,P006,ACC100003,ACC100006,138367,2026-06-27
P004,P001,ACC100004,ACC100001,57001,2026-06-05
P010,P008,ACC100010,ACC100008,58426,2026-08-24
P034,P015,ACC100034,ACC100015,136877,2026-07-03
P005,P004,ACC100005,ACC100004,64605,2026-08-24
P006,P003,ACC100006,ACC100003,97916,2026-06-08
P005,P004,ACC100005,ACC100004,88814,2026-06-08
P001,P006,ACC100001,ACC100006,66412,2026-06-01
P005,P004,ACC100005,ACC100004,39237,2026-08-23
P003,P001,ACC100003,ACC100001,146969,2026-06-07
P009,P008,ACC100009,ACC100008,5594,2026-08-21
P004,P005,ACC100004,ACC100005,41903,2026-08-10
P006,P010,ACC100006,ACC100010,115847,2026-07-09
P032,P016,ACC100032,ACC100016,95831,2026-08-19
P003,P005,ACC100003,ACC100005,113512,2026-08-23
P008,P007,ACC100008,ACC100007,49659,2026-06-01
P012,P011,ACC100012,ACC100011,75558,2026-08-18
P006,P002,ACC100006,ACC100002,45032,2026-08-04
P003,P034,ACC100003,ACC100034,53904,2026-08-01
P007,P006,ACC100007,ACC100006,82745,2026-06-25
P004,P002,ACC100004,ACC100002,79425,2026-07-26
P006,P008,ACC100006,ACC100008,99086,2026-07-23
P006,P002,ACC100006,ACC100002,112865,2026-06-03
P002,P003,ACC100002,ACC100003,144135,2026-08-06
P033,P030,ACC100033,ACC100030,73448,2026-07-19
P005,P002,ACC100005,ACC100002,117242,2026-06-08
P027,P048,ACC100027,ACC100048,98545,2026-06-10
P006,P007,ACC100006,ACC100007,4740,2026-06-14
P008,P007,ACC100008,ACC100007,80516,2026-08-15
P034,P019,ACC100034,ACC100019,97462,2026-08-03
P001,P005,ACC100001,ACC100005,138635,2026-08-10
P038,P002,ACC100038,ACC100002,14439,2026-07-16
P010,P008,ACC100010,ACC100008,72927,2026-07-10
P007,P006,ACC100007,ACC100006,27280,2026-07-23
P013,P032,ACC100013,ACC100032,121786,2026-07-14
P001,P003,ACC100001,ACC100003,129448,2026-07-11
P004,P003,ACC100004,ACC100003,104694,2026-08-23
P003,P006,ACC100003,ACC100006,50912,2026-07-10
P008,P014,ACC100008,ACC100014,18640,2026-08-27
P001,P003,ACC100001,ACC100003,131109,2026-07-21
P007,P009,ACC100007,ACC100009,65197,2026-07-01
P004,P005,ACC100004,ACC100005,46177,2026-08-21
P040,P028,ACC100040,ACC100028,74275,2026-07-03
P042,P002,ACC100042,ACC100002,123261,2026-08-25
P011,P031,ACC100011,ACC100031,41344,2026-07-18
P002,P004,ACC100002,ACC100004,9547,2026-06-12
P006,P003,ACC100006,ACC100003,10106,2026-07-14
P005,P004,ACC100005,ACC100004,140717,2026-06-05
P004,P006,ACC100004,ACC100006,92594,2026-07-09
P002,P006,ACC100002,ACC100006,113520,2026-08-15
P002,P006,ACC100002,ACC100006,144571,2026-06-12
P008,P006,ACC100008,ACC100006,121631,2026-08-17
P010,P007,ACC100010,ACC100007,77668,2026-06-04
P005,P038,ACC100005,ACC100038,87660,2026-08-25
P009,P008,ACC100009,ACC100008,137928,2026-07-11
P003,P005,ACC100003,ACC100005,74840,2026-07-03
P010,P008,ACC100010,ACC100008,65570,2026-08-07
P004,P002,ACC100004,ACC100002,46907,2026-07-16
P006,P001,ACC100006,ACC100001,131552,2026-07-14
P007,P006,ACC100007,ACC100006,105977,2026-07-27
P003,P002,ACC100003,ACC100002,1859,2026-08-20
P001,P003,ACC100001,ACC100003,52148,2026-08-22
P007,P008,ACC100007,ACC100008,25127,2026-06-08
P006,P010,ACC100006,ACC100010,105987,2026-08-01
P015,P033,ACC100015,ACC100033,126534,2026-06-08
P006,P002,ACC100006,ACC100002,138197,2026-08-08
P008,P009,ACC100008,ACC100009,108094,2026-07-13
P009,P010,ACC100009,ACC100010,4696,2026-07-27
P005,P001,ACC100005,ACC100001,23606,2026-07-04
P002,P003,ACC100002,ACC100003,11578,2026-06-11
P006,P009,ACC100006,ACC100009,80119,2026-08-25
P006,P004,ACC100006,ACC100004,58926,2026-08-27
P001,P004,ACC100001,ACC100004,59816,2026-07-07
P013,P034,ACC100013,ACC100034,145767,2026-06-01
P038,P047,ACC100038,ACC100047,69311,2026-08-27
P006,P010,ACC100006,ACC100010,82906,2026-08-12
P003,P004,ACC100003,ACC100004,52772,2026-07-10
P049,P027,ACC100049,ACC100027,76388,2026-08-08
P008,P010,ACC100008,ACC100010,23904,2026-08-14
P012,P029,ACC100012,ACC100029,45123,2026-08-14
P003,P004,ACC100003,ACC100004,68058,2026-07-09
P049,P019,ACC100049,ACC100019,109809,2026-07-26
P001,P002,ACC100001,ACC100002,100774,2026-07-14
P004,P005,ACC100004,ACC100005,31555,2026-07-06
P009,P006,ACC100009,ACC100006,14036,2026-06-14
P003,P015,ACC100003,ACC100015,64987,2026-07-08
P014,P046,ACC100014,ACC100046,146354,2026-06-11
P044,P046,ACC100044,ACC100046,96063,2026-06-18
P006,P001,ACC100006,ACC100001,12932,2026-07-03
P010,P008,ACC100010,ACC100008,109276,2026-06-17
P008,P007,ACC100008,ACC100007,44974,2026-08-22
P001,P006,ACC100001,ACC100006,60719,2026-08-25
P006,P007,ACC100006,ACC100007,131941,2026-06-17
P002,P003,ACC100002,ACC100003,25027,2026-06-19
P007,P038,ACC100007,ACC100038,89460,2026-07-21
P005,P002,ACC100005,ACC100002,110085,2026-06-22
P006,P007,ACC100006,ACC100007,77596,2026-06-09
P014,P012,ACC100014,ACC100012,109825,2026-07-07
P006,P008,ACC100006,ACC100008,83508,2026-07-12
P004,P005,ACC100004,ACC100005,22169,2026-08-26
P006,P008,ACC100006,ACC100008,118019,2026-06-15
P009,P008,ACC100009,ACC100008,30249,2026-08-24
P044,P019,ACC100044,ACC100019,136341,2026-06-09
P006,P002,ACC100006,ACC100002,135890,2026-06-23
P006,P001,ACC100006,ACC100001,103250,2026-07-09
P009,P008,ACC100009,ACC100008,47657,2026-08-08
P006,P009,ACC100006,ACC100009,136576,2026-06-11
P006,P002,ACC100006,ACC100002,40626,2026-06-14
P047,P025,ACC100047,ACC100025,119004,2026-08-27
P037,P038,ACC100037,ACC100038,121300,2026-06-14
P008,P010,ACC100008,ACC100010,74952,2026-06-03
P036,P048,ACC100036,ACC100048,55091,2026-08-04
P036,P050,ACC100036,ACC100050,135837,2026-06-10
P043,P026,ACC100043,ACC100026,8820,2026-07-01
P008,P009,ACC100008,ACC100009,63491,2026-08-15
P006,P037,ACC100006,ACC100037,13610,2026-08-18
P005,P003,ACC100005,ACC100003,35582,2026-08-18
P010,P007,ACC100010,ACC100007,50646,2026-07-12
P010,P006,ACC100010,ACC100006,85003,2026-06-23
P006,P005,ACC100006,ACC100005,17156,2026-06-23
P008,P006,ACC100008,ACC100006,77550,2026-07-26
P019,P028,ACC100019,ACC100028,137264,2026-06-24
P004,P001,ACC100004,ACC100001,140858,2026-07-18
P005,P004,ACC100005,ACC100004,35719,2026-07-25
P026,P043,ACC100026,ACC100043,63401,2026-08-17
P006,P009,ACC100006,ACC100009,102621,2026-07-27
P002,P001,ACC100002,ACC100001,141711,2026-07-19
P007,P008,ACC100007,ACC100008,87107,2026-07-16
P008,P006,ACC100008,ACC100006,147935,2026-07-08
P002,P001,ACC100002,ACC100001,83684,2026-08-23
P005,P001,ACC100005,ACC100001,130672,2026-07-09
P006,P005,ACC100006,ACC100005,73198,2026-06-20
P032,P037,ACC100032,ACC100037,59708,2026-07-12
P001,P002,ACC100001,ACC100002,42207,2026-07-08
P003,P006,ACC100003,ACC100006,142293,2026-08-12
P002,P006,ACC100002,ACC100006,63952,2026-07-14
P001,P044,ACC100001,ACC100044,136969,2026-08-06
P027,P046,ACC100027,ACC100046,33087,2026-08-15
P013,P025,ACC100013,ACC100025,84823,2026-07-06
P006,P010,ACC100006,ACC100010,60563,2026-08-18
P049,P007,ACC100049,ACC100007,66714,2026-06-10
P033,P010,ACC100033,ACC100010,7622,2026-06-19
P006,P004,ACC100006,ACC100004,31216,2026-08-07
P010,P009,ACC100010,ACC100009,25396,2026-07-04
P032,P026,ACC100032,ACC100026,29058,2026-06-26
P010,P009,ACC100010,ACC100009,26311,2026-08-04
P009,P007,ACC100009,ACC100007,84100,2026-06-22
P047,P045,ACC100047,ACC100045,144739,2026-08-25
P004,P002,ACC100004,ACC100002,12315,2026-07-18
P024,P033,ACC100024,ACC100033,57329,2026-07-13
P010,P006,ACC100010,ACC100006,52525,2026-07-02
P006,P007,ACC100006,ACC100007,58542,2026-07-17
P004,P005,ACC100004,ACC100005,3694,2026-06-22
P012,P040,ACC100012,ACC100040,114506,2026-07-11
P006,P002,ACC100006,ACC100002,107104,2026-07-27
P024,P002,ACC100024,ACC100002,93790,2026-06-04
P005,P001,ACC100005,ACC100001,14812,2026-08-12
P006,P007,ACC100006,ACC100007,48306,2026-08-13
P008,P006,ACC100008,ACC100006,48626,2026-07-17
P008,P010,ACC100008,ACC100010,105033,2026-06-25
P021,P030,ACC100021,ACC100030,121712,2026-08-21
P006,P003,ACC100006,ACC100003,47187,2026-08-21
P007,P010,ACC100007,ACC100010,139978,2026-07-15
P002,P005,ACC100002,ACC100005,17112,2026-06-10
P010,P007,ACC100010,ACC100007,133591,2026-06-10
P001,P006,ACC100001,ACC100006,128744,2026-06-12
P010,P008,ACC100010,ACC100008,91477,2026-06-23
P010,P009,ACC100010,ACC100009,45864,2026-08-09
P008,P009,ACC100008,ACC100009,55999,2026-07-15
P009,P008,ACC100009,ACC100008,83138,2026-08-02
P003,P006,ACC100003,ACC100006,98690,2026-06-03
P008,P006,ACC100008,ACC100006,149563,2026-08-23
P006,P009,ACC100006,ACC100009,53735,2026-07-05
P002,P003,ACC100002,ACC100003,20326,2026-06-14
P005,P004,ACC100005,ACC100004,97201,2026-06-25
P006,P010,ACC100006,ACC100010,22151,2026-07-09
P005,P002,ACC100005,ACC100002,113876,2026-07-17
P001,P006,ACC100001,ACC100006,116840,2026-07-26
P004,P006,ACC100004,ACC100006,23114,2026-06-26
P003,P005,ACC100003,ACC100005,83814,2026-06-16
P007,P009,ACC100007,ACC100009,144369,2026-07-25
P040,P020,ACC100040,ACC100020,147158,2026-08-03
P010,P009,ACC100010,ACC100009,30437,2026-07-02
P012,P006,ACC100012,ACC100006,97193,2026-06-21
P007,P010,ACC100007,ACC100010,50379,2026-08-01
P003,P032,ACC100003,ACC100032,86067,2026-08-07
P007,P008,ACC100007,ACC100008,127929,2026-07-08
P004,P005,ACC100004,ACC100005,94557,2026-08-25
P002,P003,ACC100002,ACC100003,65998,2026-06-21
P008,P009,ACC100008,ACC100009,105070,2026-07-17
P003,P004,ACC100003,ACC100004,124356,2026-06-19
P008,P006,ACC100008,ACC100006,77433,2026-06-04
P001,P006,ACC100001,ACC100006,31912,2026-06-13
P002,P001,ACC100002,ACC100001,103130,2026-06-22
P007,P008,ACC100007,ACC100008,144086,2026-06-01
P005,P004,ACC100005,ACC100004,58526,2026-06-01
P008,P025,ACC100008,ACC100025,28759,2026-08-15
P003,P028,ACC100003,ACC100028,57626,2026-06-26
P009,P008,ACC100009,ACC100008,98315,2026-08-02
P009,P008,ACC100009,ACC100008,50025,2026-07-02
P004,P006,ACC100004,ACC100006,42439,2026-06-04
P050,P028,ACC100050,ACC100028,67279,2026-06-11
P010,P007,ACC100010,ACC100007,134686,2026-06-02
P010,P009,ACC100010,ACC100009,40671,2026-08-06
P010,P009,ACC100010,ACC100009,21291,2026-08-03
P005,P011,ACC100005,ACC100011,50375,2026-08-03
P005,P001,ACC100005,ACC100001,12712,2026-07-18
P002,P006,ACC100002,ACC100006,104078,2026-08-09
P003,P005,ACC100003,ACC100005,38011,2026-07-10
P006,P049,ACC100006,ACC100049,55452,2026-08-24
P006,P007,ACC100006,ACC100007,100097,2026-08-25
P029,P018,ACC100029,ACC100018,71182,2026-08-27
P007,P008,ACC100007,ACC100008,78445,2026-08-03
P006,P005,ACC100006,ACC100005,142266,2026-08-27
P010,P008,ACC100010,ACC100008,7128,2026-06-18
P006,P001,ACC100006,ACC100001,25111,2026-06-01
P006,P015,ACC100006,ACC100015,87833,2026-07-12
P007,P006,ACC100007,ACC100006,14199,2026-06-12
P016,P015,ACC100016,ACC100015,99907,2026-07-23
P008,P007,ACC100008,ACC100007,41061,2026-08-09
P001,P004,ACC100001,ACC100004,101714,2026-07-12
P002,P004,ACC100002,ACC100004,66697,2026-06-12
P050,P032,ACC100050,ACC100032,52539,2026-06-23
P009,P008,ACC100009,ACC100008,4535,2026-06-17
P008,P006,ACC100008,ACC100006,92449,2026-08-01
P006,P009,ACC100006,ACC100009,105590,2026-07-26
P020,P025,ACC100020,ACC100025,138705,2026-06-14
P022,P011,ACC100022,ACC100011,128616,2026-07-24
P006,P009,ACC100006,ACC100009,31059,2026-06-15
P004,P044,ACC100004,ACC100044,69429,2026-07-21
P009,P010,ACC100009,ACC100010,44364,2026-08-02
P012,P022,ACC100012,ACC100022,148062,2026-07-13
P001,P003,ACC100001,ACC100003,7381,2026-06-25
P005,P034,ACC100005,ACC100034,134367,2026-06-19
P008,P006,ACC100008,ACC100006,75129,2026-07-18
P020,P040,ACC100020,ACC100040,80823,2026-07-03
P002,P001,ACC100002,ACC100001,115025,2026-08-22
P009,P007,ACC100009,ACC100007,2556,2026-06-02
P033,P021,ACC100033,ACC100021,96811,2026-06-04
P001,P005,ACC100001,ACC100005,13481,2026-08-05
P008,P010,ACC100008,ACC100010,101020,2026-08-03
P009,P008,ACC100009,ACC100008,111779,2026-08-27
P047,P048,ACC100047,ACC100048,68125,2026-06-01
P003,P006,ACC100003,ACC100006,21679,2026-06-23
P007,P009,ACC100007,ACC100009,143927,2026-07-25
P005,P001,ACC100005,ACC100001,46530,2026-07-24
P010,P008,ACC100010,ACC100008,36183,2026-08-27
P003,P050,ACC100003,ACC100050,25166,2026-08-02
P009,P007,ACC100009,ACC100007,93305,2026-08-01
P006,P010,ACC100006,ACC100010,25808,2026-06-03
P008,P009,ACC100008,ACC100009,59628,2026-07-04
P003,P001,ACC100003,ACC100001,66364,2026-06-05
P020,P022,ACC100020,ACC100022,11241,2026-07-19
P004,P005,ACC100004,ACC100005,132783,2026-06-25
P006,P008,ACC100006,ACC100008,76618,2026-07-24
P002,P003,ACC100002,ACC100003,104028,2026-08-26
P008,P009,ACC100008,ACC100009,96343,2026-08-17
P040,P025,ACC100040,ACC100025,9818,2026-06-25
P005,P006,ACC100005,ACC100006,43012,2026-07-08
P007,P010,ACC100007,ACC100010,112395,2026-07-16
P018,P014,ACC100018,ACC100014,125701,2026-07-09
P031,P028,ACC100031,ACC100028,54958,2026-07-19
P005,P001,ACC100005,ACC100001,44426,2026-07-17
P033,P016,ACC100033,ACC100016,30235,2026-06-10
P003,P002,ACC100003,ACC100002,138972,2026-06-18
P002,P004,ACC100002,ACC100004,110288,2026-07-02
P005,P003,ACC100005,ACC100003,109380,2026-08-06
P003,P006,ACC100003,ACC100006,134131,2026-07-22
P008,P009,ACC100008,ACC100009,146540,2026-08-24
P008,P006,ACC100008,ACC100006,48003,2026-08-22
P008,P006,ACC100008,ACC100006,61842,2026-06-07
P009,P008,ACC100009,ACC100008,92276,2026-07-05
P009,P008,ACC100009,ACC100008,84229,2026-06-05
P001,P003,ACC100001,ACC100003,76127,2026-07-15
P009,P006,ACC100009,ACC100006,4130,2026-07-15
P004,P006,ACC100004,ACC100006,95110,2026-08-07
P010,P007,ACC100010,ACC100007,15305,2026-07-04
P047,P009,ACC100047,ACC100009,35520,2026-07-02
P008,P007,ACC100008,ACC100007,38143,2026-08-04
P002,P006,ACC100002,ACC100006,115491,2026-08-03
P024,P036,ACC100024,ACC100036,42357,2026-08-21
P006,P010,ACC100006,ACC100010,27908,2026-08-24
P028,P011,ACC100028,ACC100011,40498,2026-07-26
P008,P007,ACC100008,ACC100007,17113,2026-07-26
P005,P002,ACC100005,ACC100002,82366,2026-07-07
P005,P004,ACC100005,ACC100004,52396,2026-06-27
P002,P004,ACC100002,ACC100004,123772,2026-08-14
P039,P003,ACC100039,ACC100003,139051,2026-06-19
P007,P006,ACC100007,ACC100006,138395,2026-08-08
P003,P005,ACC100003,ACC100005,66448,2026-07-21
P004,P005,ACC100004,ACC100005,55305,2026-06-21
P005,P004,ACC100005,ACC100004,33977,2026-08-14
P001,P043,ACC100001,ACC100043,144649,2026-06-08
P009,P006,ACC100009,ACC100006,66180,2026-08-14
P039,P001,ACC100039,ACC100001,126711,2026-06-27
P035,P037,ACC100035,ACC100037,131050,2026-08-20
P021,P003,ACC100021,ACC100003,132070,2026-08-08
P005,P006,ACC100005,ACC100006,76437,2026-06-12
P006,P005,ACC100006,ACC100005,105252,2026-07-17
P006,P005,ACC100006,ACC100005,16339,2026-06-06
P033,P047,ACC100033,ACC100047,50831,2026-07-25
P031,P029,ACC100031,ACC100029,98472,2026-06-19
P009,P017,ACC100009,ACC100017,58423,2026-06-19
P010,P009,ACC100010,ACC100009,139026,2026-06-08
P024,P006,ACC100024,ACC100006,103319,2026-06-18
P012,P019,ACC100012,ACC100019,28323,2026-06-21
P003,P005,ACC100003,ACC100005,44758,2026-06-06
P018,P009,ACC100018,ACC100009,52493,2026-07-02
P006,P003,ACC100006,ACC100003,1115,2026-06-23
P004,P005,ACC100004,ACC100005,21752,2026-07-22
P007,P006,ACC100007,ACC100006,30955,2026-07-16
P008,P007,ACC100008,ACC100007,63143,2026-06-13
P002,P003,ACC100002,ACC100003,36672,2026-08-26
P046,P043,ACC100046,ACC100043,4572,2026-06-11
P024,P040,ACC100024,ACC100040,92618,2026-07-22
P006,P005,ACC100006,ACC100005,97277,2026-08-11
P003,P002,ACC100003,ACC100002,37145,2026-07-27
P006,P008,ACC100006,ACC100008,58437,2026-08-23
P007,P008,ACC100007,ACC100008,126704,2026-08-05
P049,P037,ACC100049,ACC100037,79070,2026-07-03
P007,P041,ACC100007,ACC100041,27045,2026-07-13
P043,P021,ACC100043,ACC100021,45854,2026-08-02
P010,P007,ACC100010,ACC100007,116026,2026-08-10
P006,P008,ACC100006,ACC100008,12519,2026-06-02
P004,P003,ACC100004,ACC100003,136068,2026-08-05
P048,P008,ACC100048,ACC100008,96100,2026-08-17
P006,P010,ACC100006,ACC100010,98792,2026-08-18
P004,P005,ACC100004,ACC100005,64897,2026-08-02
P008,P006,ACC100008,ACC100006,107193,2026-08-06
P006,P008,ACC100006,ACC100008,65513,2026-07-15
P006,P010,ACC100006,ACC100010,102453,2026-08-24
P001,P012,ACC100001,ACC100012,61037,2026-06-08
P008,P010,ACC100008,ACC100010,24303,2026-07-07
P008,P006,ACC100008,ACC100006,8047,2026-06-03
P008,P006,ACC100008,ACC100006,116826,2026-07-03
P008,P010,ACC100008,ACC100010,105651,2026-07-19
P008,P010,ACC100008,ACC100010,131791,2026-07-13
P003,P004,ACC100003,ACC100004,71399,2026-08-24
P006,P003,ACC100006,ACC100003,90755,2026-08-05
P036,P016,ACC100036,ACC100016,122078,2026-08-09
P044,P031,ACC100044,ACC100031,34715,2026-07-18
P003,P001,ACC100003,ACC100001,71437,2026-07-16
P006,P005,ACC100006,ACC100005,81802,2026-08-10
P005,P004,ACC100005,ACC100004,41419,2026-07-07
P007,P009,ACC100007,ACC100009,108944,2026-08-07
P007,P006,ACC100007,ACC100006,28363,2026-08-18
P005,P001,ACC100005,ACC100001,119047,2026-07-05
P010,P008,ACC100010,ACC100008,44571,2026-08-15
P010,P009,ACC100010,ACC100009,99779,2026-06-12
P002,P006,ACC100002,ACC100006,45348,2026-08-26
P002,P001,ACC100002,ACC100001,3740,2026-08-18
P008,P010,ACC100008,ACC100010,89493,2026-08-19
P003,P001,ACC100003,ACC100001,93681,2026-06-06
P010,P007,ACC100010,ACC100007,138159,2026-06-06
P008,P010,ACC100008,ACC100010,110661,2026-06-16
P010,P006,ACC100010,ACC100006,42161,2026-06-21
P003,P017,ACC100003,ACC100017,72924,2026-07-17
P006,P002,ACC100006,ACC100002,129777,2026-06-06
P004,P003,ACC100004,ACC100003,37464,2026-08-16
P002,P001,ACC100002,ACC100001,5539,2026-06-04
P016,P039,ACC100016,ACC100039,126569,2026-07-02
P025,P011,ACC100025,ACC100011,138505,2026-07-05
P001,P003,ACC100001,ACC100003,59627,2026-06-15
P009,P021,ACC100009,ACC100021,77148,2026-08-09
P027,P048,ACC100027,ACC100048,74761,2026-07-10
P008,P006,ACC100008,ACC100006,37020,2026-08-15
P007,P009,ACC100007,ACC100009,111802,2026-08-25
P010,P007,ACC100010,ACC100007,30822,2026-07-11
P009,P008,ACC100009,ACC100008,114351,2026-08-10
P010,P006,ACC100010,ACC100006,4225,2026-08-24
P010,P009,ACC100010,ACC100009,133510,2026-06-17
P001,P002,ACC100001,ACC100002,128642,2026-08-11
P013,P014,ACC100013,ACC100014,93486,2026-08-27
P003,P004,ACC100003,ACC100004,59460,2026-07-04
P002,P004,ACC100002,ACC100004,138218,2026-08-17
P009,P007,ACC100009,ACC100007,107082,2026-08-27
P022,P015,ACC100022,ACC100015,123162,2026-07-21
P005,P016,ACC100005,ACC100016,106436,2026-07-11
P001,P028,ACC100001,ACC100028,49139,2026-06-11
P040,P031,ACC100040,ACC100031,14123,2026-06-04
P004,P005,ACC100004,ACC100005,29298,2026-07-24
P008,P009,ACC100008,ACC100009,59533,2026-06-11
P010,P006,ACC100010,ACC100006,55138,2026-08-17
P047,P036,ACC100047,ACC100036,33919,2026-07-19
P003,P006,ACC100003,ACC100006,147912,2026-06-03
P009,P008,ACC100009,ACC100008,114950,2026-08-14
P002,P005,ACC100002,ACC100005,98895,2026-06-21
P003,P002,ACC100003,ACC100002,116969,2026-06-14
P025,P002,ACC100025,ACC100002,53195,2026-07-25
P009,P002,ACC100009,ACC100002,63320,2026-08-03
P008,P006,ACC100008,ACC100006,9663,2026-07-13
P040,P005,ACC100040,ACC100005,1668,2026-06-08
P009,P006,ACC100009,ACC100006,144041,2026-07-22
P027,P006,ACC100027,ACC100006,14627,2026-08-22
P006,P009,ACC100006,ACC100009,26940,2026-06-14
P006,P007,ACC100006,ACC100007,85167,2026-08-24
P006,P008,ACC100006,ACC100008,65422,2026-08-03
P002,P006,ACC100002,ACC100006,58970,2026-07-13
P003,P001,ACC100003,ACC100001,92328,2026-07-08
P011,P037,ACC100011,ACC100037,137837,2026-07-16
P041,P024,ACC100041,ACC100024,107851,2026-08-06
P020,P049,ACC100020,ACC100049,115391,2026-06-06
P003,P005,ACC100003,ACC100005,125255,2026-08-03
P006,P001,ACC100006,ACC100001,9604,2026-08-05
P009,P006,ACC100009,ACC100006,115037,2026-08-24
P010,P008,ACC100010,ACC100008,9262,2026-07-21
P005,P006,ACC100005,ACC100006,90467,2026-07-05
P050,P006,ACC100050,ACC100006,82262,2026-07-16
P002,P001,ACC100002,ACC100001,27534,2026-07-12
P009,P007,ACC100009,ACC100007,95377,2026-07-10
P008,P010,ACC100008,ACC100010,116051,2026-06-16
P035,P024,ACC100035,ACC100024,27972,2026-07-07
P005,P002,ACC100005,ACC100002,72972,2026-08-27
P006,P005,ACC100006,ACC100005,87782,2026-08-02
P005,P003,ACC100005,ACC100003,11574,2026-08-21
P006,P009,ACC100006,ACC100009,136934,2026-08-03
P006,P003,ACC100006,ACC100003,29934,2026-06-17
P010,P009,ACC100010,ACC100009,73556,2026-07-10
P006,P003,ACC100006,ACC100003,135024,2026-08-27
P001,P004,ACC100001,ACC100004,68984,2026-07-25
P006,P007,ACC100006,ACC100007,38609,2026-07-08
P046,P049,ACC100046,ACC100049,44936,2026-06-15
P003,P001,ACC100003,ACC100001,88519,2026-06-11
P006,P004,ACC100006,ACC100004,62588,2026-07-18
P006,P005,ACC100006,ACC100005,74921,2026-08-16
P005,P003,ACC100005,ACC100003,59321,2026-06-22
P007,P029,ACC100007,ACC100029,56937,2026-08-06
P006,P010,ACC100006,ACC100010,85979,2026-06-22
P010,P009,ACC100010,ACC100009,106231,2026-06-17
P045,P016,ACC100045,ACC100016,87608,2026-08-16
P010,P009,ACC100010,ACC100009,148787,2026-07-21
P038,P045,ACC100038,ACC100045,5105,2026-07-11
P004,P005,ACC100004,ACC100005,13553,2026-07-06
P005,P003,ACC100005,ACC100003,138798,2026-08-05
P004,P005,ACC100004,ACC100005,110765,2026-08-02
P005,P003,ACC100005,ACC100003,88142,2026-08-02
P003,P001,ACC100003,ACC100001,25277,2026-06-27
P010,P008,ACC100010,ACC100008,109203,2026-06-05
P008,P010,ACC100008,ACC100010,45745,2026-08-18
P010,P008,ACC100010,ACC100008,17875,2026-06-18
P015,P022,ACC100015,ACC100022,92630,2026-07-13
P009,P006,ACC100009,ACC100006,71950,2026-08-01
P021,P014,ACC100021,ACC100014,82053,2026-06-04
P009,P008,ACC100009,ACC100008,44761,2026-06-05
P004,P005,ACC100004,ACC100005,132998,2026-06-15
P008,P010,ACC100008,ACC100010,133741,2026-07-08
P010,P007,ACC100010,ACC100007,107958,2026-07-07
P008,P007,ACC100008,ACC100007,108043,2026-08-05
P008,P010,ACC100008,ACC100010,78124,2026-07-07
P048,P008,ACC100048,ACC100008,104944,2026-08-04
P018,P035,ACC100018,ACC100035,55617,2026-07-26
P045,P039,ACC100045,ACC100039,41737,2026-06-27
P008,P006,ACC100008,ACC100006,110829,2026-06-16
P006,P010,ACC100006,ACC100010,48408,2026-06-08
P003,P005,ACC100003,ACC100005,49814,2026-07-11
P005,P003,ACC100005,ACC100003,79108,2026-07-18
P006,P008,ACC100006,ACC100008,107621,2026-08-16
P006,P004,ACC100006,ACC100004,137900,2026-06-12
P005,P002,ACC100005,ACC100002,19063,2026-07-19
P004,P046,ACC100004,ACC100046,100052,2026-07-09
P029,P002,ACC100029,ACC100002,42865,2026-06-19
P006,P009,ACC100006,ACC100009,135725,2026-06-08
P010,P007,ACC100010,ACC100007,72472,2026-06-16
P004,P002,ACC100004,ACC100002,68963,2026-06-21
P009,P007,ACC100009,ACC100007,33667,2026-06-10
P003,P006,ACC100003,ACC100006,60489,2026-06-03
P001,P003,ACC100001,ACC100003,107977,2026-06-17
P006,P007,ACC100006,ACC100007,145684,2026-08-11
P010,P009,ACC100010,ACC100009,89949,2026-08-03
P004,P002,ACC100004,ACC100002,79762,2026-08-14
P004,P003,ACC100004,ACC100003,10603,2026-06-18
P002,P001,ACC100002,ACC100001,43963,2026-08-10
P008,P006,ACC100008,ACC100006,50423,2026-06-12
P014,P024,ACC100014,ACC100024,115802,2026-07-20
P002,P025,ACC100002,ACC100025,80425,2026-08-04
P041,P007,ACC100041,ACC100007,101282,2026-07-22
P001,P004,ACC100001,ACC100004,9608,2026-07-03
P010,P009,ACC100010,ACC100009,116423,2026-07-22
P004,P006,ACC100004,ACC100006,146847,2026-06-13
P047,P004,ACC100047,ACC100004,129147,2026-08-14
P009,P007,ACC100009,ACC100007,64903,2026-08-18
P008,P010,ACC100008,ACC100010,146736,2026-08-13
P025,P012,ACC100025,ACC100012,84701,2026-07-23
P010,P007,ACC100010,ACC100007,12448,2026-08-10
P005,P002,ACC100005,ACC100002,93975,2026-08-07
P006,P007,ACC100006,ACC100007,37630,2026-08-21
P006,P001,ACC100006,ACC100001,77613,2026-07-15
P002,P001,ACC100002,ACC100001,138275,2026-07-16
P003,P001,ACC100003,ACC100001,19413,2026-07-14
P025,P032,ACC100025,ACC100032,88916,2026-08-25
P010,P008,ACC100010,ACC100008,22753,2026-06-27
P001,P003,ACC100001,ACC100003,78175,2026-06-25
P004,P002,ACC100004,ACC100002,82858,2026-08-19
P008,P006,ACC100008,ACC100006,56062,2026-07-04
P040,P050,ACC100040,ACC100050,26726,2026-07-05
P005,P003,ACC100005,ACC100003,21736,2026-08-27
P007,P006,ACC100007,ACC100006,75867,2026-06-15
P006,P050,ACC100006,ACC100050,137363,2026-08-14
P001,P018,ACC100001,ACC100018,41671,2026-07-13
P009,P006,ACC100009,ACC100006,99336,2026-07-13
P010,P007,ACC100010,ACC100007,47764,2026-08-20
P005,P006,ACC100005,ACC100006,34524,2026-08-16
P007,P009,ACC100007,ACC100009,145387,2026-06-24
P002,P006,ACC100002,ACC100006,65520,2026-07-10
P007,P035,ACC100007,ACC100035,34079,2026-06-15
P007,P009,ACC100007,ACC100009,37418,2026-07-26
P002,P006,ACC100002,ACC100006,59772,2026-07-06
P001,P004,ACC100001,ACC100004,108647,2026-06-24
P001,P005,ACC100001,ACC100005,136423,2026-08-13
P008,P006,ACC100008,ACC100006,100532,2026-07-12
P010,P009,ACC100010,ACC100009,63558,2026-06-13
P047,P020,ACC100047,ACC100020,30079,2026-08-12
P002,P006,ACC100002,ACC100006,90500,2026-07-26
P007,P009,ACC100007,ACC100009,25791,2026-08-20
P007,P006,ACC100007,ACC100006,135441,2026-06-21
P006,P003,ACC100006,ACC100003,64535,2026-06-09
P019,P031,ACC100019,ACC100031,126098,2026-08-18
P006,P008,ACC100006,ACC100008,141695,2026-06-24
P004,P001,ACC100004,ACC100001,15216,2026-06-26
P005,P006,ACC100005,ACC100006,49047,2026-08-27
P002,P005,ACC100002,ACC100005,124960,2026-08-20
P001,P004,ACC100001,ACC100004,853,2026-07-13
P005,P006,ACC100005,ACC100006,55043,2026-06-19
P010,P009,ACC100010,ACC100009,120752,2026-07-02
P004,P018,ACC100004,ACC100018,19369,2026-07-05
P007,P006,ACC100007,ACC100006,77197,2026-08-13
P009,P007,ACC100009,ACC100007,110128,2026-08-16
P003,P004,ACC100003,ACC100004,20610,2026-07-19
P017,P040,ACC100017,ACC100040,64224,2026-06-13
P010,P006,ACC100010,ACC100006,127840,2026-07-19
P001,P003,ACC100001,ACC100003,114934,2026-07-09
P003,P006,ACC100003,ACC100006,58508,2026-06-17
P024,P005,ACC100024,ACC100005,96528,2026-06-23
P008,P010,ACC100008,ACC100010,133867,2026-07-26
P010,P006,ACC100010,ACC100006,129602,2026-07-17
P005,P001,ACC100005,ACC100001,101336,2026-08-01
P004,P005,ACC100004,ACC100005,84116,2026-07-15
P010,P007,ACC100010,ACC100007,95162,2026-07-08
P006,P004,ACC100006,ACC100004,38003,2026-06-11
P007,P006,ACC100007,ACC100006,29027,2026-06-20
P004,P003,ACC100004,ACC100003,69791,2026-07-21
P006,P005,ACC100006,ACC100005,142768,2026-07-03
P002,P004,ACC100002,ACC100004,38559,2026-08-22
P005,P003,ACC100005,ACC100003,18915,2026-07-09
P049,P028,ACC100049,ACC100028,102095,2026-06-15
P032,P044,ACC100032,ACC100044,111970,2026-06-07
P008,P007,ACC100008,ACC100007,77871,2026-07-03
P001,P003,ACC100001,ACC100003,110756,2026-08-19
P007,P016,ACC100007,ACC100016,109014,2026-08-14
P002,P019,ACC100002,ACC100019,72643,2026-07-24
P005,P006,ACC100005,ACC100006,101397,2026-08-15
P005,P001,ACC100005,ACC100001,68490,2026-07-23
P032,P013,ACC100032,ACC100013,25006,2026-07-22
P009,P008,ACC100009,ACC100008,32898,2026-07-26
P007,P009,ACC100007,ACC100009,121967,2026-08-14
P006,P002,ACC100006,ACC100002,128514,2026-07-09
P010,P007,ACC100010,ACC100007,112659,2026-06-18
P009,P006,ACC100009,ACC100006,82236,2026-08-22
P019,P032,ACC100019,ACC100032,10120,2026-08-01
P005,P003,ACC100005,ACC100003,108750,2026-06-15
P006,P002,ACC100006,ACC100002,110502,2026-08-06
P003,P006,ACC100003,ACC100006,26494,2026-08-13
P014,P019,ACC100014,ACC100019,13911,2026-06-12
P008,P007,ACC100008,ACC100007,89556,2026-06-02
P002,P001,ACC100002,ACC100001,77185,2026-06-22
P001,P046,ACC100001,ACC100046,24199,2026-07-14
P017,P024,ACC100017,ACC100024,91452,2026-06-05
P010,P032,ACC100010,ACC100032,13583,2026-07-15
P006,P008,ACC100006,ACC100008,48409,2026-07-11
P008,P009,ACC100008,ACC100009,20932,2026-07-17
P040,P030,ACC100040,ACC100030,8442,2026-07-13
P001,P005,ACC100001,ACC100005,130708,2026-07-16
P036,P021,ACC100036,ACC100021,85270,2026-06-26
P008,P009,ACC100008,ACC100009,96299,2026-08-08
P029,P038,ACC100029,ACC100038,20964,2026-08-13
P009,P010,ACC100009,ACC100010,90212,2026-06-11
P010,P009,ACC100010,ACC100009,57144,2026-06-02
P015,P007,ACC100015,ACC100007,36500,2026-08-11
P006,P004,ACC100006,ACC100004,1654,2026-07-09
P002,P004,ACC100002,ACC100004,122571,2026-07-02
P009,P007,ACC100009,ACC100007,23118,2026-06-12
P004,P005,ACC100004,ACC100005,45515,2026-08-07
P001,P004,ACC100001,ACC100004,94421,2026-07-05
P001,P006,ACC100001,ACC100006,84434,2026-07-01
P007,P006,ACC100007,ACC100006,118209,2026-07-11
P003,P004,ACC100003,ACC100004,93140,2026-06-11
P009,P007,ACC100009,ACC100007,58729,2026-06-18
P001,P005,ACC100001,ACC100005,137831,2026-06-12
P020,P012,ACC100020,ACC100012,12607,2026-07-13
P003,P004,ACC100003,ACC100004,66752,2026-07-14
P004,P002,ACC100004,ACC100002,101844,2026-06-20
P006,P007,ACC100006,ACC100007,102902,2026-08-25
P008,P010,ACC100008,ACC100010,119994,2026-08-16
P001,P006,ACC100001,ACC100006,41173,2026-07-12
P032,P014,ACC100032,ACC100014,25237,2026-07-27
P009,P006,ACC100009,ACC100006,13245,2026-08-20
P008,P009,ACC100008,ACC100009,95896,2026-07-18
P039,P044,ACC100039,ACC100044,124723,2026-08-05
P022,P029,ACC100022,ACC100029,41395,2026-07-07
P025,P027,ACC100025,ACC100027,38765,2026-06-04
P008,P009,ACC100008,ACC100009,63720,2026-07-09
P014,P003,ACC100014,ACC100003,109167,2026-08-17
P010,P007,ACC100010,ACC100007,66044,2026-08-23
P010,P009,ACC100010,ACC100009,7629,2026-06-02
P048,P011,ACC100048,ACC100011,128723,2026-08-23
P044,P034,ACC100044,ACC100034,137002,2026-06-08
P003,P005,ACC100003,ACC100005,95239,2026-06-07
P005,P004,ACC100005,ACC100004,62925,2026-06-09
P005,P001,ACC100005,ACC100001,134726,2026-08-18
P006,P010,ACC100006,ACC100010,82089,2026-07-02
P025,P028,ACC100025,ACC100028,46505,2026-06-08
P004,P040,ACC100004,ACC100040,80623,2026-08-25
P003,P018,ACC100003,ACC100018,49016,2026-08-13
P005,P001,ACC100005,ACC100001,20517,2026-07-08
P006,P001,ACC100006,ACC100001,22574,2026-08-08
P046,P018,ACC100046,ACC100018,91206,2026-06-01
P006,P003,ACC100006,ACC100003,55789,2026-08-01
P001,P002,ACC100001,ACC100002,48738,2026-06-03
P009,P008,ACC100009,ACC100008,97818,2026-08-16
P003,P004,ACC100003,ACC100004,9025,2026-08-07
P007,P009,ACC100007,ACC100009,69727,2026-08-01
P007,P010,ACC100007,ACC100010,87582,2026-06-13
P007,P033,ACC100007,ACC100033,57374,2026-08-07
P010,P006,ACC100010,ACC100006,6228,2026-08-17
P006,P009,ACC100006,ACC100009,46179,2026-08-13
P007,P006,ACC100007,ACC100006,52895,2026-07-09
P037,P022,ACC100037,ACC100022,10988,2026-08-22
P010,P008,ACC100010,ACC100008,52912,2026-08-02
P013,P023,ACC100013,ACC100023,74973,2026-07-27
P006,P003,ACC100006,ACC100003,140893,2026-08-14
P001,P002,ACC100001,ACC100002,7547,2026-07-17
P001,P006,ACC100001,ACC100006,138666,2026-06-17
P026,P037,ACC100026,ACC100037,59061,2026-06-05
P007,P006,ACC100007,ACC100006,113577,2026-07-22
P008,P006,ACC100008,ACC100006,95559,2026-08-16
P003,P005,ACC100003,ACC100005,118555,2026-07-05
P003,P005,ACC100003,ACC100005,127702,2026-08-12
P007,P009,ACC100007,ACC100009,48055,2026-06-23
P006,P014,ACC100006,ACC100014,45410,2026-08-06
P006,P009,ACC100006,ACC100009,54919,2026-08-01
P006,P007,ACC100006,ACC100007,126260,2026-06-18
P010,P008,ACC100010,ACC100008,24340,2026-07-13
P021,P014,ACC100021,ACC100014,56104,2026-07-03
P006,P007,ACC100006,ACC100007,63921,2026-06-26
P001,P002,ACC100001,ACC100002,110318,2026-08-05
P002,P001,ACC100002,ACC100001,109522,2026-06-18
P010,P008,ACC100010,ACC100008,38738,2026-06-23
P009,P006,ACC100009,ACC100006,11330,2026-07-25
P005,P001,ACC100005,ACC100001,137572,2026-07-24
P001,P021,ACC100001,ACC100021,40070,2026-07-01
P018,P008,ACC100018,ACC100008,100233,2026-06-19
P005,P002,ACC100005,ACC100002,73598,2026-07-20
P010,P006,ACC100010,ACC100006,61583,2026-06-24
P010,P019,ACC100010,ACC100019,82292,2026-07-21
P008,P006,ACC100008,ACC100006,81851,2026-07-12
P042,P046,ACC100042,ACC100046,3934,2026-06-27
P004,P002,ACC100004,ACC100002,126020,2026-06-08
P006,P008,ACC100006,ACC100008,8351,2026-07-18
P006,P007,ACC100006,ACC100007,76252,2026-08-04
P003,P002,ACC100003,ACC100002,21596,2026-08-03
P043,P012,ACC100043,ACC100012,7593,2026-07-11
P004,P006,ACC100004,ACC100006,91196,2026-06-20
P007,P006,ACC100007,ACC100006,101001,2026-07-19
P006,P008,ACC100006,ACC100008,58278,2026-08-21
P029,P036,ACC100029,ACC100036,22633,2026-08-10
P003,P001,ACC100003,ACC100001,60057,2026-08-02
P009,P042,ACC100009,ACC100042,99404,2026-07-19
P002,P023,ACC100002,ACC100023,51791,2026-08-19
P025,P035,ACC100025,ACC100035,5232,2026-07-08
P010,P007,ACC100010,ACC100007,46528,2026-08-19
P008,P010,ACC100008,ACC100010,20479,2026-06-15
P015,P013,ACC100015,ACC100013,140647,2026-07-05
P040,P038,ACC100040,ACC100038,34314,2026-08-16
P006,P004,ACC100006,ACC100004,52050,2026-06-27
P017,P045,ACC100017,ACC100045,36200,2026-08-11
P010,P006,ACC100010,ACC100006,20594,2026-07-16
P008,P006,ACC100008,ACC100006,37193,2026-08-04
P006,P002,ACC100006,ACC100002,105875,2026-08-10
P008,P009,ACC100008,ACC100009,71604,2026-07-13
P006,P009,ACC100006,ACC100009,135387,2026-06-24
P008,P010,ACC100008,ACC100010,1699,2026-08-16
P006,P008,ACC100006,ACC100008,44105,2026-08-17
P043,P018,ACC100043,ACC100018,36471,2026-08-05
P029,P043,ACC100029,ACC100043,34973,2026-06-14
P007,P008,ACC100007,ACC100008,10207,2026-08-20
P037,P043,ACC100037,ACC100043,1724,2026-06-04
P007,P006,ACC100007,ACC100006,92940,2026-08-13
P007,P006,ACC100007,ACC100006,124872,2026-06-26
P004,P002,ACC100004,ACC100002,63488,2026-08-21
P010,P008,ACC100010,ACC100008,106939,2026-08-19
P020,P007,ACC100020,ACC100007,30072,2026-06-04
P006,P009,ACC100006,ACC100009,28694,2026-06-06
P006,P031,ACC100006,ACC100031,94168,2026-07-24
P008,P010,ACC100008,ACC100010,73920,2026-08-11
P022,P048,ACC100022,ACC100048,46811,2026-07-22
P003,P006,ACC100003,ACC100006,112520,2026-07-23
P003,P005,ACC100003,ACC100005,117165,2026-08-16
P001,P005,ACC100001,ACC100005,85861,2026-08-13
P004,P006,ACC100004,ACC100006,131822,2026-06-10
P023,P015,ACC100023,ACC100015,78349,2026-07-22
P027,P028,ACC100027,ACC100028,31535,2026-07-15
P009,P007,ACC100009,ACC100007,58215,2026-07-20
P006,P003,ACC100006,ACC100003,22458,2026-06-21
P002,P004,ACC100002,ACC100004,145259,2026-06-10
P008,P006,ACC100008,ACC100006,94639,2026-08-24
P034,P017,ACC100034,ACC100017,107561,2026-08-09
P024,P016,ACC100024,ACC100016,76805,2026-06-27
P002,P003,ACC100002,ACC100003,116519,2026-08-24
P009,P037,ACC100009,ACC100037,83456,2026-07-01
P007,P006,ACC100007,ACC100006,136934,2026-08-19
P008,P009,ACC100008,ACC100009,32656,2026-08-18
P009,P007,ACC100009,ACC100007,117523,2026-08-10
P006,P001,ACC100006,ACC100001,18666,2026-07-08
P004,P001,ACC100004,ACC100001,81747,2026-06-03
P001,P002,ACC100001,ACC100002,28033,2026-06-23
P005,P004,ACC100005,ACC100004,136707,2026-07-08
P002,P006,ACC100002,ACC100006,133456,2026-08-02
P002,P005,ACC100002,ACC100005,58924,2026-06-27
P007,P009,ACC100007,ACC100009,46266,2026-06-22
P010,P009,ACC100010,ACC100009,34212,2026-06-07
P001,P006,ACC100001,ACC100006,107867,2026-06-08
P003,P005,ACC100003,ACC100005,92972,2026-08-16
P008,P007,ACC100008,ACC100007,136292,2026-08-04
P016,P038,ACC100016,ACC100038,16657,2026-07-17
P008,P010,ACC100008,ACC100010,129909,2026-08-27
P001,P005,ACC100001,ACC100005,100646,2026-06-03
P039,P025,ACC100039,ACC100025,12844,2026-08-02
P001,P003,ACC100001,ACC100003,99761,2026-06-02
P002,P006,ACC100002,ACC100006,67912,2026-07-11
P004,P002,ACC100004,ACC100002,141931,2026-08-09
P005,P006,ACC100005,ACC100006,106862,2026-07-06
P031,P039,ACC100031,ACC100039,134444,2026-06-26
P008,P010,ACC100008,ACC100010,42306,2026-07-16
P006,P005,ACC100006,ACC100005,29504,2026-07-14
P001,P039,ACC100001,ACC100039,62998,2026-06-12
P044,P028,ACC100044,ACC100028,46358,2026-08-20
P010,P006,ACC100010,ACC100006,20534,2026-06-12
P009,P007,ACC100009,ACC100007,79105,2026-07-13
P008,P010,ACC100008,ACC100010,91483,2026-07-01
P010,P007,ACC100010,ACC100007,88286,2026-07-09
P005,P004,ACC100005,ACC100004,64817,2026-08-22
P008,P009,ACC100008,ACC100009,119306,2026-08-05
P001,P002,ACC100001,ACC100002,145475,2026-08-22
P005,P002,ACC100005,ACC100002,58529,2026-06-18
P010,P006,ACC100010,ACC100006,87971,2026-06-10
P003,P001,ACC100003,ACC100001,95424,2026-07-12
P006,P005,ACC100006,ACC100005,131231,2026-06-25
P003,P002,ACC100003,ACC100002,61882,2026-06-08
P002,P003,ACC100002,ACC100003,4099,2026-06-09
P018,P041,ACC100018,ACC100041,38070,2026-08-11
P002,P001,ACC100002,ACC100001,92539,2026-07-11
P025,P028,ACC100025,ACC100028,98124,2026-07-08
P009,P006,ACC100009,ACC100006,61888,2026-06-11
P006,P008,ACC100006,ACC100008,133159,2026-07-06
P009,P006,ACC100009,ACC100006,56533,2026-07-24
P003,P006,ACC100003,ACC100006,127207,2026-08-06
P003,P017,ACC100003,ACC100017,65254,2026-08-14
P003,P044,ACC100003,ACC100044,86892,2026-06-22
P007,P006,ACC100007,ACC100006,143253,2026-06-25
P021,P042,ACC100021,ACC100042,125462,2026-07-15
P005,P004,ACC100005,ACC100004,57257,2026-08-12
P037,P015,ACC100037,ACC100015,113045,2026-06-02
P007,P006,ACC100007,ACC100006,37367,2026-08-11
P001,P002,ACC100001,ACC100002,110126,2026-07-08
P007,P006,ACC100007,ACC100006,139191,2026-08-18
P022,P013,ACC100022,ACC100013,20091,2026-07-21
P004,P001,ACC100004,ACC100001,140931,2026-07-27
P005,P006,ACC100005,ACC100006,64058,2026-07-19
P005,P003,ACC100005,ACC100003,58328,2026-06-19
P017,P025,ACC100017,ACC100025,42423,2026-06-25
P007,P006,ACC100007,ACC100006,61294,2026-07-26
P003,P041,ACC100003,ACC100041,5500,2026-07-22
P010,P009,ACC100010,ACC100009,72808,2026-07-16
P010,P008,ACC100010,ACC100008,117825,2026-06-21
P006,P005,ACC100006,ACC100005,109228,2026-07-04
P046,P026,ACC100046,ACC100026,128409,2026-07-21
P035,P046,ACC100035,ACC100046,24791,2026-06-17
P005,P001,ACC100005,ACC100001,54305,2026-08-24
P010,P009,ACC100010,ACC100009,144621,2026-07-27
P001,P003,ACC100001,ACC100003,128005,2026-08-14
P005,P006,ACC100005,ACC100006,39935,2026-08-21
P006,P004,ACC100006,ACC100004,123163,2026-08-18
P008,P009,ACC100008,ACC100009,74597,2026-07-11
P006,P001,ACC100006,ACC100001,4633,2026-08-04
P009,P008,ACC100009,ACC100008,106488,2026-07-04
P004,P001,ACC100004,ACC100001,89728,2026-07-10
P005,P006,ACC100005,ACC100006,141667,2026-08-27
P001,P006,ACC100001,ACC100006,65438,2026-08-21
P007,P009,ACC100007,ACC100009,42948,2026-06-20
P006,P001,ACC100006,ACC100001,46969,2026-06-19
P002,P012,ACC100002,ACC100012,10161,2026-07-20
P010,P006,ACC100010,ACC100006,1117,2026-07-19
P008,P006,ACC100008,ACC100006,51507,2026-06-27
P017,P009,ACC100017,ACC100009,101747,2026-06-22
P006,P010,ACC100006,ACC100010,43912,2026-07-02
P005,P003,ACC100005,ACC100003,96923,2026-07-13
P002,P006,ACC100002,ACC100006,143110,2026-06-14
P015,P023,ACC100015,ACC100023,4768,2026-06-27
P006,P008,ACC100006,ACC100008,39578,2026-08-02
P009,P008,ACC100009,ACC100008,142890,2026-07-18
P006,P005,ACC100006,ACC100005,99819,2026-07-01
P049,P010,ACC100049,ACC100010,63355,2026-08-04
P006,P004,ACC100006,ACC100004,33123,2026-08-18
P015,P011,ACC100015,ACC100011,18717,2026-07-11
P008,P007,ACC100008,ACC100007,149540,2026-08-23
P001,P004,ACC100001,ACC100004,37333,2026-06-01
P021,P005,ACC100021,ACC100005,56561,2026-08-24
P003,P002,ACC100003,ACC100002,84132,2026-08-27
P015,P047,ACC100015,ACC100047,57855,2026-07-26
P006,P003,ACC100006,ACC100003,39713,2026-08-07
P008,P007,ACC100008,ACC100007,36002,2026-08-10
P006,P004,ACC100006,ACC100004,98155,2026-07-14
P005,P017,ACC100005,ACC100017,46156,2026-07-16
P006,P002,ACC100006,ACC100002,18861,2026-06-21
P010,P007,ACC100010,ACC100007,90623,2026-07-02
P002,P004,ACC100002,ACC100004,2365,2026-08-16
P035,P015,ACC100035,ACC100015,65570,2026-07-18
P014,P009,ACC100014,ACC100009,17734,2026-06-12
P010,P007,ACC100010,ACC100007,42934,2026-08-15
P010,P009,ACC100010,ACC100009,77588,2026-06-03
P013,P018,ACC100013,ACC100018,147639,2026-08-16
P027,P048,ACC100027,ACC100048,13113,2026-08-09
P032,P034,ACC100032,ACC100034,122783,2026-06-09
P007,P006,ACC100007,ACC100006,91533,2026-07-03
P009,P047,ACC100009,ACC100047,62785,2026-06-25
P003,P004,ACC100003,ACC100004,77075,2026-08-23
P031,P006,ACC100031,ACC100006,130756,2026-06-12
P019,P029,ACC100019,ACC100029,71343,2026-06-06
P006,P010,ACC100006,ACC100010,32885,2026-07-07
P006,P004,ACC100006,ACC100004,97660,2026-07-08
P034,P013,ACC100034,ACC100013,134534,2026-08-15
P039,P004,ACC100039,ACC100004,77233,2026-08-18
P007,P009,ACC100007,ACC100009,17265,2026-06-10
P010,P009,ACC100010,ACC100009,37586,2026-07-13
P010,P008,ACC100010,ACC100008,85008,2026-08-26
P003,P006,ACC100003,ACC100006,103609,2026-08-18
P024,P039,ACC100024,ACC100039,13729,2026-06-01
P001,P002,ACC100001,ACC100002,37354,2026-08-09
P006,P010,ACC100006,ACC100010,108288,2026-07-10
P003,P005,ACC100003,ACC100005,113250,2026-07-26
P004,P003,ACC100004,ACC100003,58295,2026-07-10
P007,P010,ACC100007,ACC100010,147020,2026-08-03
P048,P006,ACC100048,ACC100006,36091,2026-08-13
P002,P003,ACC100002,ACC100003,84119,2026-08-17
P010,P006,ACC100010,ACC100006,13450,2026-08-01
P007,P006,ACC100007,ACC100006,66617,2026-08-10
P033,P004,ACC100033,ACC100004,35424,2026-07-10
P002,P003,ACC100002,ACC100003,106739,2026-07-17
P001,P002,ACC100001,ACC100002,43133,2026-07-16
P010,P007,ACC100010,ACC100007,22010,2026-06-11
P001,P003,ACC100001,ACC100003,6283,2026-06-27
P006,P003,ACC100006,ACC100003,47547,2026-07-09
P001,P006,ACC100001,ACC100006,65458,2026-08-14
P005,P001,ACC100005,ACC100001,40790,2026-06-17
P029,P022,ACC100029,ACC100022,104990,2026-07-03
P018,P015,ACC100018,ACC100015,35147,2026-08-04
P005,P029,ACC100005,ACC100029,113338,2026-07-26
P025,P024,ACC100025,ACC100024,134965,2026-07-15
P009,P006,ACC100009,ACC100006,48847,2026-07-04
P001,P004,ACC100001,ACC100004,75000,2026-08-10
P004,P006,ACC100004,ACC100006,68000,2026-08-11
P006,P001,ACC100006,ACC100001,62000,2026-08-12
P006,P008,ACC100006,ACC100008,75000,2026-08-10
P008,P010,ACC100008,ACC100010,68000,2026-08-11
P010,P006,ACC100010,ACC100006,62000,2026-08-12
